{
  "campaign": {
    "cases_per_filter": 200,
    "seed": 4242,
    "simulation_dt_s": 0.08,
    "deterministic_dt_s": 0.05
  },
  "deterministic_cases": {
    "nominal": {
      "success": true,
      "final_time_s": 46.09999999999952,
      "final_altitude_m": 0.0,
      "landing_x_m": -0.08342924293407072,
      "target_x_m": 0.0,
      "landing_x_error_m": -0.08342924293407072,
      "touchdown_vx_mps": 0.11673846464035162,
      "touchdown_vz_mps": -0.7799927221431893,
      "touchdown_speed_mps": 0.7886802366757576,
      "propellant_used_kg": 4189.579402190368,
      "propellant_remaining_kg": 2810.4205978096325,
      "max_abs_tilt_deg": 1.9442007928658398,
      "max_abs_gimbal_deg": 0.66317200682691,
      "max_abs_commanded_gimbal_deg": 1.1026487132598053,
      "max_abs_throttle_tracking_error": 0.7411646247016465,
      "navigation_rejection_count": 5,
      "rms_x_estimation_error_m": 0.20455349553611799,
      "rms_z_estimation_error_m": 0.07955235656886542,
      "rms_vx_estimation_error_mps": 0.053779191061601214,
      "rms_vz_estimation_error_mps": 0.05038905119981102,
      "rms_theta_estimation_error_deg": 0.03199807480411652,
      "ekf_mean_nees": 6.519322663882994,
      "ekf_p95_nees": 12.041439618492195,
      "ekf_x_3sigma_coverage": 1.0,
      "ekf_z_3sigma_coverage": 0.9978331527627302,
      "ekf_vx_3sigma_coverage": 1.0,
      "ekf_vz_3sigma_coverage": 1.0,
      "ekf_theta_3sigma_coverage": 0.9945828819068255,
      "ekf_bax_3sigma_coverage": 1.0,
      "ekf_baz_3sigma_coverage": 1.0,
      "ekf_bg_3sigma_coverage": 1.0,
      "ekf_rejected_updates": 5,
      "ekf_gps_accepted_updates": 230,
      "ekf_gps_rejected_updates": 0,
      "ekf_mean_gps_nis": 3.787923893475519,
      "ekf_mean_gps_normalized_nis": 0.9469809733688798,
      "ekf_radar_accepted_updates": 461,
      "ekf_radar_rejected_updates": 1,
      "ekf_mean_radar_nis": 1.0307730576865781,
      "ekf_mean_radar_normalized_nis": 1.0307730576865781,
      "ekf_attitude_accepted_updates": 918,
      "ekf_attitude_rejected_updates": 4,
      "ekf_mean_attitude_nis": 0.9697523574557818,
      "ekf_mean_attitude_normalized_nis": 0.9697523574557818
    },
    "gps_dropout": {
      "success": true,
      "final_time_s": 45.49999999999955,
      "final_altitude_m": 0.0,
      "landing_x_m": 0.19068673765679103,
      "target_x_m": 0.0,
      "landing_x_error_m": 0.19068673765679103,
      "touchdown_vx_mps": 0.5756095590885313,
      "touchdown_vz_mps": -0.6488558550776505,
      "touchdown_speed_mps": 0.8673755156693336,
      "propellant_used_kg": 4146.30211313767,
      "propellant_remaining_kg": 2853.69788686233,
      "max_abs_tilt_deg": 1.9442007928658398,
      "max_abs_gimbal_deg": 1.0806419337942446,
      "max_abs_commanded_gimbal_deg": 1.4959902262962625,
      "max_abs_throttle_tracking_error": 0.7537359232130526,
      "navigation_rejection_count": 9,
      "rms_x_estimation_error_m": 0.853158794057861,
      "rms_z_estimation_error_m": 0.07599135964164498,
      "rms_vx_estimation_error_mps": 0.08364035498924105,
      "rms_vz_estimation_error_mps": 0.05848246401156241,
      "rms_theta_estimation_error_deg": 0.028525585385146993,
      "ekf_mean_nees": 4.996858690389961,
      "ekf_p95_nees": 8.964045820636427,
      "ekf_x_3sigma_coverage": 1.0,
      "ekf_z_3sigma_coverage": 1.0,
      "ekf_vx_3sigma_coverage": 1.0,
      "ekf_vz_3sigma_coverage": 1.0,
      "ekf_theta_3sigma_coverage": 1.0,
      "ekf_bax_3sigma_coverage": 1.0,
      "ekf_baz_3sigma_coverage": 1.0,
      "ekf_bg_3sigma_coverage": 1.0,
      "ekf_rejected_updates": 9,
      "ekf_gps_accepted_updates": 128,
      "ekf_gps_rejected_updates": 0,
      "ekf_mean_gps_nis": 4.316487160623317,
      "ekf_mean_gps_normalized_nis": 1.0791217901558292,
      "ekf_radar_accepted_updates": 454,
      "ekf_radar_rejected_updates": 2,
      "ekf_mean_radar_nis": 0.9656502532293932,
      "ekf_mean_radar_normalized_nis": 0.9656502532293932,
      "ekf_attitude_accepted_updates": 903,
      "ekf_attitude_rejected_updates": 7,
      "ekf_mean_attitude_nis": 1.0028907350042124,
      "ekf_mean_attitude_normalized_nis": 1.0028907350042124
    },
    "radar_bias": {
      "success": true,
      "final_time_s": 46.24999999999951,
      "final_altitude_m": 0.0,
      "landing_x_m": -0.02757291455775734,
      "target_x_m": 0.0,
      "landing_x_error_m": -0.02757291455775734,
      "touchdown_vx_mps": 0.11455927460895479,
      "touchdown_vz_mps": -0.7928124901870277,
      "touchdown_speed_mps": 0.8010464855396882,
      "propellant_used_kg": 4200.549175923825,
      "propellant_remaining_kg": 2799.450824076175,
      "max_abs_tilt_deg": 1.9442007928658398,
      "max_abs_gimbal_deg": 0.6638753085648291,
      "max_abs_commanded_gimbal_deg": 1.1026983183345462,
      "max_abs_throttle_tracking_error": 0.748823510162953,
      "navigation_rejection_count": 348,
      "rms_x_estimation_error_m": 0.20460187508269528,
      "rms_z_estimation_error_m": 0.08237285877563381,
      "rms_vx_estimation_error_mps": 0.053713824252100036,
      "rms_vz_estimation_error_mps": 0.04950001469576724,
      "rms_theta_estimation_error_deg": 0.03195143152210785,
      "ekf_mean_nees": 5.94300868798124,
      "ekf_p95_nees": 10.870329687998332,
      "ekf_x_3sigma_coverage": 1.0,
      "ekf_z_3sigma_coverage": 1.0,
      "ekf_vx_3sigma_coverage": 1.0,
      "ekf_vz_3sigma_coverage": 1.0,
      "ekf_theta_3sigma_coverage": 0.9946004319654428,
      "ekf_bax_3sigma_coverage": 1.0,
      "ekf_baz_3sigma_coverage": 1.0,
      "ekf_bg_3sigma_coverage": 1.0,
      "ekf_rejected_updates": 348,
      "ekf_gps_accepted_updates": 231,
      "ekf_gps_rejected_updates": 0,
      "ekf_mean_gps_nis": 3.7733290991193207,
      "ekf_mean_gps_normalized_nis": 0.9433322747798302,
      "ekf_radar_accepted_updates": 119,
      "ekf_radar_rejected_updates": 344,
      "ekf_mean_radar_nis": 765.3238745062849,
      "ekf_mean_radar_normalized_nis": 765.3238745062849,
      "ekf_attitude_accepted_updates": 921,
      "ekf_attitude_rejected_updates": 4,
      "ekf_mean_attitude_nis": 0.9672375135504199,
      "ekf_mean_attitude_normalized_nis": 0.9672375135504199
    }
  },
  "monte_carlo_summaries": {
    "estimated": {
      "seed": 4242,
      "guidance_mode": "corridor",
      "navigation_mode": "estimated",
      "actuator_mode": "flight_like",
      "num_cases": 200,
      "successes": 133,
      "success_rate": 0.665,
      "failure_modes": {
        "success": 133,
        "pad_miss": 64,
        "vertical_speed": 3
      },
      "p50_abs_landing_error_m": 2.1088549572738478,
      "p95_abs_landing_error_m": 4.9400032009272605,
      "p50_touchdown_speed_mps": 0.8509532722907344,
      "p95_touchdown_speed_mps": 1.9601439999592616,
      "min_propellant_remaining_kg": 2495.761764440449,
      "max_abs_tilt_deg": 5.7569405422900095,
      "max_abs_gimbal_deg": 4.669462067565933,
      "max_abs_throttle_tracking_error": 0.9596411358890683
    },
    "ekf": {
      "seed": 4242,
      "guidance_mode": "corridor",
      "navigation_mode": "ekf",
      "actuator_mode": "flight_like",
      "num_cases": 200,
      "successes": 186,
      "success_rate": 0.93,
      "failure_modes": {
        "success": 186,
        "pad_miss": 14
      },
      "p50_abs_landing_error_m": 1.0205492221262997,
      "p95_abs_landing_error_m": 3.177061561426467,
      "p50_touchdown_speed_mps": 0.7915836445104617,
      "p95_touchdown_speed_mps": 0.9216344102457762,
      "min_propellant_remaining_kg": 2414.5145187607486,
      "max_abs_tilt_deg": 5.787167177965719,
      "max_abs_gimbal_deg": 4.705760276924999,
      "max_abs_throttle_tracking_error": 0.9759882289664576,
      "mean_case_ekf_nees": 5.667481547518203,
      "p95_case_ekf_nees": 7.246809307840499,
      "mean_ekf_x_3sigma_coverage": 0.9974559550182207,
      "mean_ekf_z_3sigma_coverage": 0.9969550171579086,
      "mean_ekf_theta_3sigma_coverage": 0.9992460916042767,