{
  "seed": 4242,
  "guidance_mode": "predictive",
  "navigation_mode": "ekf",
  "actuator_mode": "flight_like",
  "num_cases": 200,
  "successes": 195,
  "success_rate": 0.975,
  "failure_modes": {
    "success": 195,
    "pad_miss": 5
  },
  "p50_abs_landing_error_m": 0.8624895163659335,
  "p95_abs_landing_error_m": 2.63253346554852,
  "p50_touchdown_speed_mps": 0.7870267999948161,
  "p95_touchdown_speed_mps": 0.9574854841193955,
  "min_propellant_remaining_kg": 2449.4155243238565,
  "max_abs_tilt_deg": 4.405812087891789,
  "max_abs_gimbal_deg": 2.0710295085264034,
  "max_abs_throttle_tracking_error": 0.8405672893190336,
  "mean_case_ekf_nees": 5.642769824673213,
  "p95_case_ekf_nees": 7.221344918174543,
  "mean_ekf_x_3sigma_coverage": 0.9974518685845339,
  "mean_ekf_z_3sigma_coverage": 0.9969566282940586,
  "mean_ekf_theta_3sigma_coverage": 0.9993088931397045,
  "mean_ekf_gps_normalized_nis": 0.970536123499684,
  "mean_ekf_radar_normalized_nis": 0.9949942821254807,
  "mean_ekf_attitude_normalized_nis": 0.9407176306244065,
  "total_ekf_rejected_updates": 536,
  "mean_optimizer_acceptance_rate": 0.999047619047619,
  "mean_optimizer_convergence_rate": 0.742234126984127,
  "total_optimizer_fallbacks": 4,
  "mean_optimizer_iterations": 72.7444016670464,
  "maximum_optimizer_violation": 0.45921855252863275,
  "mean_optimizer_tilt_active_fraction": 0.0011904761904761904,
  "mean_optimizer_thrust_active_fraction": 0.0,
  "mean_optimizer_glideslope_active_fraction": 0.02419674185463659
}
