{
  "campaign": {
    "cases_per_guidance_mode": 200,
    "seed": 4242,
    "monte_carlo_dt_s": 0.08,
    "deterministic_dt_s": 0.05
  },
  "deterministic_cases": {
    "corridor": {
      "success": true,
      "final_time_s": 46.09999999999952,
      "final_altitude_m": 0.0,
      "landing_x_m": -0.08342924293407072,
      "target_x_m": 0.0,
      "landing_x_error_m": -0.08342924293407072,
      "touchdown_vx_mps": 0.11673846464035162,
      "touchdown_vz_mps": -0.7799927221431893,
      "touchdown_speed_mps": 0.7886802366757576,
      "propellant_used_kg": 4189.579402190368,
      "propellant_remaining_kg": 2810.4205978096325,
      "max_abs_tilt_deg": 1.9442007928658398,
      "max_abs_gimbal_deg": 0.66317200682691,
      "max_abs_commanded_gimbal_deg": 1.1026487132598053,
      "max_abs_throttle_tracking_error": 0.7411646247016465,
      "navigation_rejection_count": 5,
      "rms_x_estimation_error_m": 0.20455349553611799,
      "rms_z_estimation_error_m": 0.07955235656886542,
      "rms_vx_estimation_error_mps": 0.053779191061601214,
      "rms_vz_estimation_error_mps": 0.05038905119981102,
      "rms_theta_estimation_error_deg": 0.03199807480411652,
      "ekf_mean_nees": 6.519322663882994,
      "ekf_p95_nees": 12.041439618492195,
      "ekf_x_3sigma_coverage": 1.0,
      "ekf_z_3sigma_coverage": 0.9978331527627302,
      "ekf_vx_3sigma_coverage": 1.0,
      "ekf_vz_3sigma_coverage": 1.0,
      "ekf_theta_3sigma_coverage": 0.9945828819068255,
      "ekf_bax_3sigma_coverage": 1.0,
      "ekf_baz_3sigma_coverage": 1.0,
      "ekf_bg_3sigma_coverage": 1.0,
      "ekf_rejected_updates": 5,
      "ekf_gps_accepted_updates": 230,
      "ekf_gps_rejected_updates": 0,
      "ekf_mean_gps_nis": 3.787923893475519,
      "ekf_mean_gps_normalized_nis": 0.9469809733688798,
      "ekf_radar_accepted_updates": 461,
      "ekf_radar_rejected_updates": 1,
      "ekf_mean_radar_nis": 1.0307730576865781,
      "ekf_mean_radar_normalized_nis": 1.0307730576865781,
      "ekf_attitude_accepted_updates": 918,
      "ekf_attitude_rejected_updates": 4,
      "ekf_mean_attitude_nis": 0.9697523574557818,
      "ekf_mean_attitude_normalized_nis": 0.9697523574557818
    },
    "predictive": {
      "success": true,
      "final_time_s": 44.049999999999635,
      "final_altitude_m": 0.0,
      "landing_x_m": 0.7002844195018696,
      "target_x_m": 0.0,
      "landing_x_error_m": 0.7002844195018696,
      "touchdown_vx_mps": -0.07261080951468235,
      "touchdown_vz_mps": -0.8242765671483337,
      "touchdown_speed_mps": 0.8274685424886067,
      "propellant_used_kg": 4036.9214428277883,
      "propellant_remaining_kg": 2963.0785571722117,
      "max_abs_tilt_deg": 1.1014228263606345,
      "max_abs_gimbal_deg": 0.6844342775061529,
      "max_abs_commanded_gimbal_deg": 1.1243442116433535,
      "max_abs_throttle_tracking_error": 0.7540823412840642,
      "navigation_rejection_count": 5,
      "rms_x_estimation_error_m": 0.20287347992543941,
      "rms_z_estimation_error_m": 0.07942485940443687,
      "rms_vx_estimation_error_mps": 0.054632159411957676,
      "rms_vz_estimation_error_mps": 0.05099677118631882,
      "rms_theta_estimation_error_deg": 0.03191910169197892,
      "ekf_mean_nees": 6.452197248958686,
      "ekf_p95_nees": 12.062003606195935,
      "ekf_x_3sigma_coverage": 1.0,
      "ekf_z_3sigma_coverage": 0.9977324263038548,
      "ekf_vx_3sigma_coverage": 1.0,
      "ekf_vz_3sigma_coverage": 1.0,
      "ekf_theta_3sigma_coverage": 0.9943310657596371,
      "ekf_bax_3sigma_coverage": 1.0,
      "ekf_baz_3sigma_coverage": 1.0,
      "ekf_bg_3sigma_coverage": 1.0,
      "optimizer_replan_count_from_rows": 22,
      "optimizer_fallback_fraction": 0.0,
      "optimizer_tilt_active_fraction": 0.0,
      "optimizer_thrust_active_fraction": 0.0,
      "optimizer_glideslope_active_fraction": 0.0,
      "optimizer_max_constraint_violation": 4.722070673324197e-05,
      "optimizer_min_tilt_margin_deg": 6.969482334003225,
      "optimizer_min_thrust_margin_mps2": 17.898179144863544,
      "optimizer_min_glideslope_margin_m": 1.9999671797121943,
      "ekf_rejected_updates": 5,
      "ekf_gps_accepted_updates": 220,
      "ekf_gps_rejected_updates": 0,
      "ekf_mean_gps_nis": 3.7901071454551043,
      "ekf_mean_gps_normalized_nis": 0.9475267863637761,
      "ekf_radar_accepted_updates": 440,
      "ekf_radar_rejected_updates": 1,
      "ekf_mean_radar_nis": 1.051302936142638,
      "ekf_mean_radar_normalized_nis": 1.051302936142638,
      "ekf_attitude_accepted_updates": 877,
      "ekf_attitude_rejected_updates": 4,
      "ekf_mean_attitude_nis": 0.9725135498756106,
      "ekf_mean_attitude_normalized_nis": 0.9725135498756106,
      "optimizer_solve_count": 22,
      "optimizer_converged_solve_count": 20,
      "optimizer_accepted_solve_count": 22,
      "optimizer_fallback_count": 0,
      "optimizer_convergence_rate": 0.9090909090909091,
      "optimizer_acceptance_rate": 1.0,
      "optimizer_mean_iterations": 66.27272727272727,
      "optimizer_maximum_observed_violation": 4.722070673324197e-05
    },
    "predictive_8_percent_thrust_loss": {
      "success": true,
      "final_time_s": 42.69999999999971,
      "final_altitude_m": 0.0,
      "landing_x_m": 0.28516148547755116,
      "target_x_m": 0.0,
      "landing_x_error_m": 0.28516148547755116,
      "touchdown_vx_mps": -0.10009289457661165,
      "touchdown_vz_mps": -1.082856166729361,
      "touchdown_speed_mps": 1.0874723285530215,
      "propellant_used_kg": 3934.194557556464,
      "propellant_remaining_kg": 3065.805442443536,
      "max_abs_tilt_deg": 1.1014228263606345,
      "max_abs_gimbal_deg": 0.6016958158768082,
      "max_abs_commanded_gimbal_deg": 1.089879461616385,
      "max_abs_throttle_tracking_error": 0.6298520278111593,
      "navigation_rejection_count": 5,
      "rms_x_estimation_error_m": 0.20021337401689404,
      "rms_z_estimation_error_m": 0.07852148614808825,
      "rms_vx_estimation_error_mps": 0.055497341599623794,
      "rms_vz_estimation_error_mps": 0.05076754086650755,
      "rms_theta_estimation_error_deg": 0.03226427578186122,
      "ekf_mean_nees": 6.379993620076241,
      "ekf_p95_nees": 12.111361492123935,
      "ekf_x_3sigma_coverage": 1.0,
      "ekf_z_3sigma_coverage": 0.9976608187134502,
      "ekf_vx_3sigma_coverage": 1.0,
      "ekf_vz_3sigma_coverage": 1.0,
      "ekf_theta_3sigma_coverage": 0.9941520467836257,
      "ekf_bax_3sigma_coverage": 1.0,
      "ekf_baz_3sigma_coverage": 1.0,
      "ekf_bg_3sigma_coverage": 1.0,
      "optimizer_replan_count_from_rows": 21,
      "optimizer_fallback_fraction": 0.0,
      "optimizer_tilt_active_fraction": 0.0,
      "optimizer_thrust_active_fraction": 0.0,
      "optimizer_glideslope_active_fraction": 0.0,
      "optimizer_max_constraint_violation": 0.0,
      "optimizer_min_tilt_margin_deg": 6.969482334003225,
      "optimizer_min_thrust_margin_mps2": 17.898179144863544,
      "optimizer_min_glideslope_margin_m": 1.9999671797121943,
      "ekf_rejected_updates": 5,
      "ekf_gps_accepted_updates": 213,
      "ekf_gps_rejected_updates": 0,
      "ekf_mean_gps_nis": 3.7795196540963674,
      "ekf_mean_gps_normalized_nis": 0.9448799135240918,
      "ekf_radar_accepted_updates": 427,
      "ekf_radar_rejected_updates": 1,
      "ekf_mean_radar_nis": 1.054822180913829,
      "ekf_mean_radar_normalized_nis": 1.054822180913829,
      "ekf_attitude_accepted_updates": 850,
      "ekf_attitude_rejected_updates": 4,
      "ekf_mean_attitude_nis": 0.9713925612067607,
      "ekf_mean_attitude_normalized_nis": 0.9713925612067607,
      "optimizer_solve_count": 21,
      "optimizer_converged_solve_count": 19,
      "optimizer_accepted_solve_count": 21,
      "optimizer_fallback_count": 0,
      "optimizer_convergence_rate": 0.9047619047619048,
      "optimizer_acceptance_rate": 1.0,
      "optimizer_mean_iterations": 66.85714285714286,
      "optimizer_maximum_observed_violation": 0.0
    },